video_id,title,description,tags,channel_title,view_count,like_count,comment_count,keyword_searched
14-ZdMwVY4w,Spider-Man VR SQUID GAME TIME #vr #virtualreality #spiderman #gaming,"Join this channel to get access to perks:
https://www.youtube.com/channel/UCacsGRFWE5FO1aCzuvlkkaw/join",,Benbu,51012833,770646,1984,Zombie Army VR
JNe6O5xJCLA,【ネコVR】🐈️猫 vs おばさん👵part165 I Am Cat #vr #game #funnyvideo,"Tiktok orzrero
I Am Cat
#shorts #TikTok #rero  #VRrero #funnyvideo #funnytiktok #VR  #VirtualReality #game  #Metaverse",,天才VR店員れろ-VRrero-,36127877,541755,2964,Zombie Army VR
DbiWCYRGzg8,How to have a big army in Dead Rails,,,Willyandgaming,19315711,331516,2060,Zombie Army VR
JxdIJOqizZ0,Veteran Plays Sniper Elite 5 And Kills it,"Watch this veteran play Sniper Elite 5 and absolutely kill it! See the expert precision and strategy in action as this player takes on the game's challenges with ease.

💪 BECOME A MEMBER OF THE STREAM - https://www.youtube.com/channel/UCQWVmYZE-JtI7BimgasRzTg/join
🖥️WEBSITE https://www.grndpagaming.gg/
💸DONATEhttps://venmo.com/u/GrndpaGaming
👕 Apparel  Grndpagaming Gear Store:https://streamlabs.com/grndpagaming2/merch
👉DISCORD     https://discord.gg/DkkV4kV4  

🔥Social Medias🔥
♦️Tiktok: https://","grandpa gaming, grndpa gaming, funny, no scope, live, Fortnite, sniper game play, sniper, headshots, bf2042, battlefield, battlefield2042, timthetatman, sniper elite, carlos hathcock, white feather, white feather vs cobra",GrndpaGaming,10501887,511562,2826,Zombie Army VR
3yYRweBbTQY,NO ONE has better VR Fingers! #vrgames #quest3 #beyondsandbox,,,Beyond Sandbox,8895476,474905,4951,Zombie Army VR
jdHlOZzrdsc,Top 3 Funniest Random VR Game Moments 🥽🔥 #funny #vr #shorts #tiktok,#FunniestGameMoments #RandomGamingFails #Top3GameMoments #HilariousGaming #GamingLaughs #LOLGameMoments #UnexpectedGaming #GamingComedy #GameBloopers #FunnyGameplay #gameplay #gaming #quest3 #metaquest2 #metaquest2  #funny #games #memes #fps #iRankGameplay #theboys,,iRankGameplay ,11278589,259947,914,Zombie Army VR
3MZAWUspgak,DONT LOOK AWAY #gorillatag #shorts #fyp #vr #horrorgaming #scary #jumpscare #monkey #gtag #gaming,,,Phantomm,7249297,125356,1248,Zombie Army VR
NOleCw2bywc,Free Bird + Hard Bullet #hardbullet #steamvr #gameedit #pcvr #metaquest3,,,HarryPair,7133897,320682,10445,Zombie Army VR
s81BXWmz7kk,"Try finding a better hide and seek game in VR, I dare you! 😤",#vr #metaquest #mannequinvr #quest2,"Alien, Applab, Games available on sidequest, Mannequin game vr, Mannequin vr, Multiplayer, Multiplayer games releasing in 2024, New vr game, Quest games, Sidequest games, Upcoming quest games, Upcoming vr games, Vr game, Vr games coming in 2024, Vr games releasing in 2024, Vr multiplayer, hide and seek, pc vr game",Fast Travel Games,4320855,144813,1321,Zombie Army VR
yFWYvak6fSU,The Dead Rails lore EXPLAINED. #deadrails,"What is the story of dead rails Roblox? What is the lore of Roblox dead rails? Well, in this video, I explain all you need to know about dead rails lore, the full dead rails lore.

👍Like, share and comment so we can beat the algorithm.💬

🍕Subscribe. It's free and you support me a lot!🍕
https://www.youtube.com/AJIbarraGaming?sub_confirmation=1

📩For business inquiries (collaborations, advertisements and sponsorships etc.), feel free to contact me at ajibarragaming@gmail.com

Thank you for watchin","roblox, shorts, dead rails, roblox dead rails, roblox dead rails lore explained, dead rails lore, roblox dead rails lore, roblox dead rails explained, dead rails lore explained, roblox facts, roblox lore, dead rails facts, lore of dead rails roblox, the untold story of dead rails, roblox dead rails ost, dead rails roblox wiki, roblox dead rails guide, roblox dead rails ending, dead rails secret, dead rails update, dead rails ending, dead rails classes, roblox shorts",AJ Ibarra Gaming,8003720,0,1944,Zombie Army VR
TtmjZz185OM,VR Headset that Kills You #quest2 #quest3 #vr #explorewithquest #metaquest,,,VR Central,3891719,190423,3088,Zombie Army VR
5Ss_I2M_NHw,Top 5 Funniest Random VR Game Moments 🥽🔥,"#Top5VR, #FunnyVRMoments, #VRGamingFails, #VRComedyGaming, #VREdits, #FunnyVRClips, #ViralVRGaming, #HilariousVRReactions, #VRGameRankings, #VREpicFails, #VRCompilation, #BrainrotInVR, #VRGaming, #VRGameplay, #VRGames, #BrainrotDimension #theboys",,BrainrotDimension,3623233,119383,857,Zombie Army VR
p0KEYba46Lo,Fighting as a TOY Solider - Plastic Battlegrounds VR,"Fighting as a TOY Solider - Plastic Battlegrounds VR

This is a pretty new virtual reality game where you become a toy army soldier. This sandbox game allows you to create battles and even crush the plastic figures as a giant. Make sure to like and subscribe for more Plastic Battlegrounds VR funny moments gameplay on Meta Quest 3!

MERCH: http://www.fudgy.shop

Music/sound effects credit: https://goo.gl/qHqpJj

Subscribe and become part of Fudgy's gaming community!

Keep in touch! 
-Twitter: htt","Fudgy, plastic battlegrounds, plastic battlegrounds vr, plastic battlegrounds gameplay, plastic battlegrounds vr gameplay, plastic battlegrounds funny moments, plastic battlegrounds update, vr, virtual reality, meta quest, quest 3, meta quest 3, quest 3s, toy soldiers, toy soldier, plastic soldiers, plastic, battlegrounds, plastic battlegrounds secrets, rp, soldier, army man, vr games, quest 3 games, war game, oculus quest 3, new, update, new update, funny moments, military, sandbox",Fudgy,2077114,13035,353,Zombie Army VR
HO6EQfznslk,🍔These Models are SPOOKY!?! @Jawclamps #gorillatag #vr #viral,"Psalm 46:1 - ""God is our refuge and strength, an ever-present help in trouble.""

🎃 Get 20% Off at ZyberVR.com using code ""Wesser"" Link https://zybervr.com/?ref=Wesser

🍔 Tags (Ignore)
#gorillatag #funny #comedy #gtag #roadto1k #fyp #fypシ #viral #tutorial #tiktok #shorts #vr #drumstickarmy









🔴 Subscribe = Cookie 🍪

tags:
if you like, gorilla tag, gorilla tag vr, vr, vr gaming, scary baboon, horror, challanges, pro gameplay, pro, gameplay, roblox, minecraft, tutorial, mods, gorilla tag trol","roblox, minecraft, gorilla tag, gtag, memes, meme, vines, tiktok, vr, quest 2, meta quest 2, tutorial, fortnite, shocking, mrbeast, itsvlad, professorwesser, professormesser, funny, fun, hair tutorial, money, youtube, youtube.com, awesome, 69, 69420, jman, jmancurly, vmt, yumyum, styledsnail, robux, elliotvr, elliot, live, shorts, ishowspeed, movie, lofi, music, free gaming music, montage, try not to laugh, insane, emotinal, jordan matter, salish matter, ninja kids, subscribe, crazy, impossible, quest, apple vr, update, mexico",ProfessorWesser,1965859,90934,1094,Zombie Army VR
zCq7m3kjUjY,STICK JUSTICE #gorillatag #vr #fypシ゚ #stickjustice #projectblaze,,,WAZZY,2693803,43765,1292,Zombie Army VR
9_8EcCKkuHQ,ngl this War of Wizards kid got anger issues💀😭 #vrgame #vrgaming #quest3 #quest2 #vr #jamesplaysvr,,"War of wizards gameplay, War of wizards funny moments, James plays vr, Trolling kids in War of wizards, Trash talker in war of wizards, Toxic kids in War of wizards, Toxic Fortnite kids, Raging kids, Trash talking kids, Fortnite trolling toxic players, Destroying toxic players, Silencing a trash talker, Fortnite vr, Trolling people in Fortnite, Wizard game vr, Vr multiplayer games",James plays VR 🎮,81144246,3162289,30286,VR Gaming
_0uDlkzYzKc,POV: You fell into Squid Game pt. 3 😳  #NetflixPartner #SquidGame,,,Brandon B,105002166,906781,862,VR Gaming
uUnqr8HC1js,Funny virtual reality reaction #vrworld #trending #reels #viral #velankanni #karaikal #funny #shorts,"Funny virtual reality reaction 🤣 #vrworld #trending #reels #funny #ytshorts #velankanni #karaikal


#virtualreality #vrworld #virtualrealitygames #vrgame #velankanni #vrgaming 

Virtual  Reality funny reaction 😀😀😀

📇Velankanni Branch Address:

👉Vr world 🎮
Virtual reality game 
new Beach Road 
opposite to Beach park 
Velankanni 611 111

📍Google Map location:🧭

https://maps.app.goo.gl/sV8yFt2yNEYwfXc66?g_st=ic

====================================================

📇Karaikal Branch Address: 

👉Vr w","vr fails funny, funny VR fails, VR fails 2024, funny vr fails 2024, VR fails and funny moments, VR, Virtual Reality, VR video, vr videos funny, VR video 2024, funny vr videos, funny vr videos to watch, funny vr moments compilation, funny virtual reality moments, virtual reality fails and reaction, funny vr videos 2024, vr fail, virtual reality fails funny, funny, 2024, epic fails 2024, vr game, vr gaming, virtual reality, virtual reality game, Vr world, velankanni",VR WORLD velankanni ,49911582,850227,827,VR Gaming
14-ZdMwVY4w,Spider-Man VR SQUID GAME TIME #vr #virtualreality #spiderman #gaming,"Join this channel to get access to perks:
https://www.youtube.com/channel/UCacsGRFWE5FO1aCzuvlkkaw/join",,Benbu,51012833,770646,1984,VR Gaming
z48iMPEeqWc,VR never felt so real! 😰😭,,,Justin Flom,45043937,1650267,9316,VR Gaming
1yvLOMpUc7g,The Most Intense Among Us VR Rap Battle Ever,,,Griffmass,39855075,1126148,60974,VR Gaming
EhgKb2YZFB8,Spider-Man VR GETS A HOT DATE #vr #virtualreality #spiderman #gaming,"Join this channel to get access to perks:
https://www.youtube.com/channel/UCacsGRFWE5FO1aCzuvlkkaw/join",,Benbu,70066802,1066490,976,VR Gaming
JNe6O5xJCLA,【ネコVR】🐈️猫 vs おばさん👵part165 I Am Cat #vr #game #funnyvideo,"Tiktok orzrero
I Am Cat
#shorts #TikTok #rero  #VRrero #funnyvideo #funnytiktok #VR  #VirtualReality #game  #Metaverse",,天才VR店員れろ-VRrero-,36127877,541755,2964,VR Gaming
iGQ4yRATkfs,I NEED TO DO MORE TRICKSHOTS #bladeandsorcery #games #gamingvideos #vr #gameplay #gaming #gamer,,,Ticklethefat,34181596,1300257,5610,VR Gaming
Cb1Dv565f2I,I Survived 50 Hours in Apple Vision Pro,i'ma test the limits of apple vision pro while making spaghetti,"Ryan, Trahan, apple vision pro, apple vision, I survived, 50 hours, in apple vision, mkbhd",Ryan Trahan,32806342,587016,67999,VR Gaming
4HgwXA0rSj4,I SHAVED HIS EYEBROW OFF! 😱 SHAVE & STUFF. Meta Quest VR Barber shop game,"#questcreatorpartner #explorewithquest 
#VR #virtualrealitygaming 

GAME (Shave & Stuff) : https://www.meta.com/affiliates/V4nVbGVxa

Website: https://linktr.ee/tigressx
Twitch livestream: https://www.twitch.tv/tigressx
Twitter: https://twitter.com/Tigress_X
Discord: https://www.discord.gg/tigressx
Instagram: https://www.instagram.com/tigressx
TikTok: https://www.tiktok.com/@tigressx","vr barber game, vr hair cutting game, shave & stuff, shave and stuff vr, shave & stuff vr, shave and stuff, virtual reality, shave n stuff vr, barbershop vr, shave stuff vr, vr gaming, meta quest, meta quest 3 review, meta quest 3, meta quest 3 games, shave n stuff, shave n stuff gameplay, vr haircut, shave & stuff gameplay, hypervr games, shave n stuff vr funny moments, vr haircut game, gamer girl, tigressx, vr, vr news, quest 3, quest 2, vr video, vr memes, vr funny",TigressX,28536079,406681,360,VR Gaming
PvpWKeizo6Y,fully legal kill in Hitman #hitman3 #aspecticor #shorts #gaming,"https://www.twitch.tv/aspecticor - I'm live 5PM Pacific Tuesday to Saturday 
Is this the most legal way to kill someone in hitman? 
#aspecticor #hitman3 #speedrun #gamingshorts #gaming #shorts #gamingstorytelling",,Aspecticor,48215678,1509338,1702,VR Gaming
yhvJ73cQsgg,Lava tsunami #fyp #vr #tsunami,,,YuungBreezy,43718747,1543890,16758,VR Gaming
WeoZhDczkBo,roblox noob vs roblox vr.. (rematch 3),"(NEW) Roblox Bacon Hair VS VR Guy SHOWDOWN 3.0 (U) DELUXE NEO EDITION HD DLC INCLUDED!!!!!

In this roblox skit, I play roblox vr hangout (similar to vr hands, vr without a vr headset, and vr world) with a toxic bacon hair noob. This leads to roblox noob trolling, roblox vr funny moments and roblox memes. Inspired by Buur, Flamingo, Retro and Sebee.
#shorts #shortswithcamilla",,LostScout2,23659467,699595,4179,VR Gaming
mjNtc2n3_mQ,Spider-Man VR GETS MARRIED #vr  #spiderman  #virtualreality #gaming,"Join this channel to get access to perks:
https://www.youtube.com/channel/UCacsGRFWE5FO1aCzuvlkkaw/join",,Benbu,22583396,609157,2638,VR Gaming
ChfkC5BCwdo,"VR Russian Roulette, BUT I add a round every time! #vrgames #quest3",,,Beyond Sandbox,18421221,250377,1205,Into the Radius 2
UHSBXQDUA5E,This Horror Game Uses YOUR HOUSE! 🏠😰 | Hauntify Mixed Reality,"Hauntify Mixed Reality is a VR game which uses YOUR HOUSE as the setting. Collect relics while avoiding monsters before it's too late!

Sub-15 Second Game Overview

SidequestVR: https://sidequestvr.com/app/5582/hauntify-mixed-reality

Meta Store:https://www.meta.com/experiences/4130979187008353/","horror, horror shorts, shorts, youtube clips, horror clips, vr, vrgame, game overview, creepy games, vr horror game, horror game clips, youtube, youtubeshorts, entertainment",Games Pending,878570,18338,577,Into the Radius 2
lsU-aPug5io,PSVR2 & Meta Quest 3 graphics comparison - Wanderer - The Fragments of Fate #WTFOF,Our team has been working extra hard to bring our vision to life on all platforms. Aren't they doing a fantastic job? Wanderer: The Fragments of fate is an epic VR time travel adventure. Coming September 12th wishlist now.😁✨ #quest3 #psvr2 #vrgame,,Wanderer VR,639647,8915,1185,Into the Radius 2
o4wHqiqtApk,Into the Radius 2: Photorealistic VR Coop Incinerates my GPU,"Into the Radius 2 released. After many years of Into the Radius faithful service and insane VR RPG gameplay, the sequel is out. Into the Radius 2: Diameter. And against all odds, they managed to make Into the Radius 2 better than Into the Radius 1. The lore and the map is still as jarring and unnerving in VR as last time if not more, and now it's multiplayer. Full Coop. And I think I permanently damaged my friend  Mike's brain this week.

Gamer Supps Link with code Habie applied: https://gamersu",Into the Radius 2,habie147,342309,17651,588,Into the Radius 2
5lB9nrL8qZM,"No Men Here, Only Monsters - Into The Radius 2 VR Co-op","I keep finding individual bullets, WHY ARE THERE SO MANY INDIVIDUAL BULLETS!?

Be aware it's still in Early Access, might wanna wait if you're thinking of playing Co-op (its buggy)
Game: https://store.steampowered.com/app/2307350/Into_the_Radius_2/

Tiktok: https://www.tiktok.com/@nanoytgaming
2nd channel (extra clips and streams): https://www.youtube.com/c/Nanoinanutshell
My Stuff(affiliate): https://www.amazon.com/shop/nano
Discord: https://discord.gg/jsft6Zj
Twitter: https://twitter.com/Nanoy","Gaming, Funny, Compilation, Gameplay",Nano,161210,9968,302,Into the Radius 2
woTTXW1ber0,Most Realistic Meta Quest 3 VR Games With The Best Graphics In 2025,"I’ve compiled the most realistic games on Meta Quest 3 games with the best graphics including increadible ports like Red Matter 2, Batman Arkham Shadow, Assassin’s Creed Nexus, Metro Awakening, Blade & Sorcery: Nomad, and many more. These push standalone VR devices like oculus quest 3 to its limits. From Skydance’s Behemoth to the visually stunning Ghost Town and underrated gems like Into Black, I cover them all. Plus, you’ll find gameplay, reviews, and performance tips for each title. Like and ","meta quest 3 most realistic graphics, best vr games meta quest 3 2025, best meta quest 3 games, The BEST Meta Quest 3 Games With Realistic Graphics, Best VR Games Quest 3 2025, meta quest 3, quest 3 games, quest 3, meta quest 3 games, best quest 3 games, meta quest 3 best games, meta quest 3 gameplay, oculus quest 3, quest 3 vs quest 2, meta quest 3s games, quest 3 graphics, best meta quest 3s games, best quest 2 games, best meta quest games, meta quest 3s, new vr games",Gamertag VR,150461,1796,239,Into the Radius 2
6PCT37ZTUMo,Into The Radius 2 | Part 1 | We Return To The Radius For Another Adventure!,"The Radius has been calling and finally, we can answer once again! Welcome to the *very* early access version of Into The Radius 2, where a very difficult journey awaits us!
Support the channel by using affiliate links for games + gear here: https://linktr.ee/awolfinvr
Join the Pack! ➤ https://bit.ly/2C8V0mE

A Wolf in VR Merch: https://www.teespring.com/stores/awolfinvr

Intro Show: ""One Piece"" (2023)

This game was played on: Rift S


Into the Radius 2 is an immersive VR survival shooter, set ","a wolf in vr, wolf in vr, into the radius 2, into the radius 2 vr, a wolf in vr into the radius 2, into the radius 2 full game, into the radius 2 part 1, into the radius 2 gameplay, into the radius 2 review, into the radius 2 first impressions, into the radius 2 early access, into the radius 2 mission 1, into the radius 2 mission 2, virtual reality, vr gaming, vr, new vr games, into the radius 2 walkthrough, into the radius 2 guide, into the radius 2 peninsula, vr survival",A Wolf in VR,143963,3499,320,Into the Radius 2
FN98dyrnhuY,The SCARIEST VR Game is BACK! - Into The Radius 2 (Pt. 1),"Into The Radius 2 just released yesterday in early access! Despite some concerns I had for this release, it is actually quite good so far! Let me know if you want to see more episodes by leaving a like or dropping a comment.

""Into the Radius 2 is an immersive VR survival shooter, set in a realm of surreal landscapes and deadly entities known as Pechorsk Anomaly. Arm yourself with realistic weapons and venture deeper into the mysteries that lie within, either solo or with a friend by your side.""","timeless, timelessvr, vr, into the radius, into the radius 2, into the radius 2 gameplay, into the radius 2 walkthrough, itr 2, into the radius vr, into the radius 2 playthrough, into the radius 2 early access, into the radius playthrough, vr extraction shooter, itr vr, into the radius 2 release date, vr horror, vr horror game, virtual reality shooter, vr shooter, into the radius sequel, into the radius 2 graphics, timelessvr into the radius, timeless into the radius",TimelessVR,140710,3082,268,Into the Radius 2
agOekTTQi6E,PSVR2 VS Meta Quest - Wanderer: The Fragments of Fate #quest3 #psvr2,Quest and PSVR2 side by side. What will you be playing Wanderer: The Fragments of Fate on? 👀✨ #quest3 #psvr2 #vrgame,,Wanderer VR,207345,2569,316,Into the Radius 2
HOzxnsPwZfU,Into the Radius 2.. What's NEW? #vr #intotheradius #intotheradius2 #intotheradiusvr  #vrgaming #pcvr,"--
[ T A G S ]
#vr #virtualreality #virtualgame #pcvrgames #pcvrgame #virtualrealitygames #virtualrealitygame #vrgaming #vrgame #vrgameplay #vrgamer #vrgames #vrgamesreview #review #gamereview #vrgamereview #quest2 #quest #pcvr #steamvr #steam #steamgame #comedy #steamgames #oculusrift #oculus #oculusquest2 #oculusquest #valveindex #quest3 #quest3games #steamlink #metaquest3 #metaquest2 #metaquest #oculusquest3 #intotheradius #intotheradius2 #itr #itrvr #intotheradiusvr #itr2 #vrshooter #vrmod #",,Frontways Larry,149338,6620,221,Into the Radius 2
ccdYvY2eHxs,The BEST VR Games by Genre - MUST Play VR Games 2025 Edition,"Welcome back, today we have the best VR games by genre 2025 edition.  This is a list of all the best vr games including, the best psvr2 games, the best steamvr games, the best pcvr games and the best quest games.  This is the essential vr games list including vr hidden gems and the best vr shooters, puzzles games, platformers, strategy games and so on.  The next time someone says ""VR doesn't have any good games,"" stuff this video in there face.  Here is my personal BEST of the BEST and I include","best vr games, best vr games by genre, top 100 vr games, new vr games, best vr shooters, best vr sims, best vr rpg games, best psvr 2 games, best steamvr games, best vr mods, best quest 2 games, best quest 3 games, matteo311, best vr games 2025, steamvr, psvr2, meta quest, vr, vr games, top 10 vr games, must play vr games, oculus quest tips, vr hidden gems, best psvr games 2025, must play vr games 2025, steam vr, psvr 2",Matteo311,122868,3529,243,Into the Radius 2
tRi2phZ83SQ,Le nouveau MEILLEUR JEU en VR - Into The Radius 2,"Makse découvre l'Early Access de Into The Radius 2 et on est content
Je stream ici régulièrement : https://www.twitch.tv/makse_tv
Viens sur mon Discord : https://discord.gg/JKcbsYPJVs","Into The Radius 2, ITR 2, Gameplay, fr, Makse, Valve Index, Early Access",Makse,115256,3315,106,Into the Radius 2
VaV2WOCmNhk,Into the Radius 2 - Early Access Teaser Trailer | Steam VR,"Into the Radius 2, the immersive VR survival shooter, is hitting Early Access on Steam this summer!
Arm yourself with realistic weapons and venture deeper into a world of surreal landscapes and deadly anomalies. Face the unknown solo or with a friend by your side.

Wishlist Into the Radius 2 on Steam: 
https://store.steampowered.com/app/2307350

↓↓↓Stay tuned for the latest updates↓↓↓

Discord: https://discord.gg/itr
Twitter: https://twitter.com/intotheradius
Reddit: https://www.reddit.com/r/int","intotheradius, vr, immersive, best upcoming shooter, survival shooter, upcoming game, co-op shooter, vr shooter, itr, itr2, into the radius, cm games, cm games vr, early access, steam early access",CM Games,108774,6053,756,Into the Radius 2
IjBvlHr_6e8,Into the Radius 2 - Early Access Launch Trailer | Steam VR,"Into the Radius 2, the immersive VR survival shooter, is out now in Early Access on Steam!
Arm yourself with realistic weapons and venture deeper into a world of surreal landscapes and deadly anomalies. Face the unknown solo or with a friend by your side.

Into the Radius 2 Early Access on Steam: 
https://store.steampowered.com/app/2307350

↓↓↓Stay tuned for the latest updates↓↓↓

Discord: https://discord.gg/itr
X: https://x.com/intotheradius
Reddit: https://www.reddit.com/r/intotheradius/
Insta","intotheradius, vr, immersive, best upcoming shooter, survival shooter, upcoming game, co-op shooter, vr shooter, itr, itr2, into the radius, cm games, cm games vr, early access, steam early access",CM Games,106331,2604,308,Into the Radius 2
CWxeaoiZn0M,My #1 Pick for Into the Radius 2 #vr #intotheradius #intotheradius2 #intotheradiusvr  #vrgaming #mod,"--
[ T A G S ]
#vr #virtualreality #virtualgame #pcvrgames #pcvrgame #virtualrealitygames #virtualrealitygame #vrgaming #vrgame #vrgameplay #vrgamer #vrgames #vrgamesreview #review #gamereview #vrgamereview #quest2 #quest #pcvr #steamvr #steam #steamgame #comedy #steamgames #oculusrift #oculus #oculusquest2 #oculusquest #valveindex #quest3 #quest3games #steamlink #metaquest3 #metaquest2 #metaquest #oculusquest3 #intotheradius #intotheradius2 #itr #itrvr #intotheradiusvr #itr2 #vrshooter #vrmod #","comedy, editor, VR, virtual, reality, virtual reality, virtualboy, gaming, vr games, quest 2, oculus, vr headset, hmd, head mounted display, steamvr, quest link, pc, pc gaming, meta, frontways larry vr, frontways, larry, frontwayslarry, frontwayslarryvr, quest 3, meta quest 3, meta quest 2, meta quest, steam link, pcvr game, into the radius shield, shield vr, vr mod, intothe radius mods, itr mods, itr2, into the radius 2, ballistic shield mod, into the radius, itr, radius mods, cm games",Frontways Larry,80902,4010,138,Into the Radius 2
-055GvEU7f0,Worlds smallest 4K headset 😎 TeamVisor.com #tech #vr #technology #virtualreality #insideout2,"Visor is the world's smallest 4K headset. Spawn five 4K virtual screens. With more pixels than the Apple Vision Pro, Visor's small & sleek form factor makes it easy to wear anywhere. Take your ideal work setup or the perfect entertainment system with you where ever you go. #visor #apple #meta #quest #oculus #dreamworks #insideout",,Immersed,209581906,4106916,7297,Virtual Reality
TESqAmLLuvM,Gegagedigedagedago - Oceanic in 360° Video | VR / 8K | ( Oceanic Gegagedigedagedago meme ),"Gegagedigedagedago - Oceanic in 360° Video | VR / 8K | ( oceanic gegagedigedagedago meme )

❤️ HELP ME REACH 750,000 SUBSCRIBERS:: https://www.youtube.com/@MistrVR?sub_confirmation=1
🩵 BECOME A MEMBER: https://www.youtube.com/@MistrVR/join

👀 Watch this video in 2D format on the channel: @Mistr2D 

❤️ Brilliant composer: @duck_mememe  https://youtu.be/yiQg-wC080Q?si=_82udVsIU3tont0C
❤️ Brilliant composer: @shumeezy  https://youtu.be/4FtBE-K3PqU?si=gwEeCUwePdf4NIZz
🧠 The ideological inspirer: @Go","vr, 360 video, vr video 360, 360 vr video, video 360 vr, 360, vr 360, 360 vr, virtual reality, 360 4k, vr 4k, 4k, 360°, vr video, animation, 360 degree video, 360° video, vr360, 3d animation, Gegagedigedagedago, gegagedigedagedago, gegagedigedagedago original, dancing foot, omega nugget, omega nugget meme, omega nugget tiktok, omega nugget compilation, omega meme, meme, omega nugget cotton eye joe, gegagedigedagedago abi mery alongtamigo, Oceanic, oceanic gegagedigedagedago",MRVR,34562701,40340,182,Virtual Reality
bV1vDeMSoFU,Tung Tung Tung Sahur Movie Collection! | 360° VR,"Tung Tung Tung Sahur 360° Movie Compilation !

🗿 Subscribe and like come as joy to you.
📧 Business inquiries : monstervideo753@gmail.com

Thank you for watching video! 👽

#360vr #vrvideo #cinematheatres","360 video, 360 vr, virtual reality, vr video, vr videos, 360°, 360 videos, vr 360, virtual reality videos, 360 vr box, 360, 360 vr video, video 360, video vr 360, virtual reality 360 video, video vr, 360° video, tung tung tung sahur, tung tung tung, tung tung tung sahur vr 360, tung tung tung sahur 360, tung tung tung sahur vr, tung sahur, tung tung tung meme, shorts meme, tiktok meme, italianbrainrot, brrbrrpatapim, tralalerotralala, bombardiro crocodilo, bonecaambalabu",Cryptid VR 360,30670807,93529,829,Virtual Reality
nV_hd6bLXmw,SLIDE in 360° | VR / 4K,"Join Our Discord: https://discord.gg/dRYyFBn7Yr
Try More Experience: https://www.youtube.com/@NitroVR360/videos

360° video made by NitroVR. 

You can use a virtual reality headset to look around, or alternatively, use your phone or mouse. 

If you enjoyed the video, please consider subscribing to our channel to support us in creating more content.

If you are the author of any assets in the video and I have not credited you, please send an email to us.

Enjoy the video!

 #360 #vr #viral #video","vr, 360 video, video 360 vr, 360, vr 360, 360 vr, 360 4k, vr 4k, 4k, 360°, vr video, youtube, 360° video, vr360, memes, meme, pov, pov parkour, 360 vr video, virtual reality, virtual reality videos, vr roller coaster, 360 roller coaster, video, videos, roller coaster, vr coaster, 360 coaster, theme park, 360 horror, funny, waterslide, water slide, waterslide 360, waterslide vr, water park, tropical, water slide 360, big waterslide, aquapark 360, slide, sliding, ramp, water slides",NitroVR360,28103970,39734,548,Virtual Reality
_0uDlkzYzKc,POV: You fell into Squid Game pt. 3 😳  #NetflixPartner #SquidGame,,,Brandon B,105002166,906781,862,Virtual Reality
uUnqr8HC1js,Funny virtual reality reaction #vrworld #trending #reels #viral #velankanni #karaikal #funny #shorts,"Funny virtual reality reaction 🤣 #vrworld #trending #reels #funny #ytshorts #velankanni #karaikal


#virtualreality #vrworld #virtualrealitygames #vrgame #velankanni #vrgaming 

Virtual  Reality funny reaction 😀😀😀

📇Velankanni Branch Address:

👉Vr world 🎮
Virtual reality game 
new Beach Road 
opposite to Beach park 
Velankanni 611 111

📍Google Map location:🧭

https://maps.app.goo.gl/sV8yFt2yNEYwfXc66?g_st=ic

====================================================

📇Karaikal Branch Address: 

👉Vr w","vr fails funny, funny VR fails, VR fails 2024, funny vr fails 2024, VR fails and funny moments, VR, Virtual Reality, VR video, vr videos funny, VR video 2024, funny vr videos, funny vr videos to watch, funny vr moments compilation, funny virtual reality moments, virtual reality fails and reaction, funny vr videos 2024, vr fail, virtual reality fails funny, funny, 2024, epic fails 2024, vr game, vr gaming, virtual reality, virtual reality game, Vr world, velankanni",VR WORLD velankanni ,49911603,850227,827,Virtual Reality
14-ZdMwVY4w,Spider-Man VR SQUID GAME TIME #vr #virtualreality #spiderman #gaming,"Join this channel to get access to perks:
https://www.youtube.com/channel/UCacsGRFWE5FO1aCzuvlkkaw/join",,Benbu,51012833,770646,1984,Virtual Reality
zi2ITqhfaTM,360° Rat dance Breaks into YOUR House! (Chess Type Beat),"360° Rat dance Breaks into YOUR House! (Chess Type Beat meme)

Other 360 videos here on the channel!
https://youtube.com/playlist?list=PLcZJzhCz108XoQ2aUD7gPNlBexTSSo8CJ

Thanks for being here!
#360 #vr #animation #viral #ratdance","vr, 360 video, vr video 360, 360 vr video, video 360 vr, 360, vr 360, 360 vr, 360 4k, vr 4k, 4k, 360°, vr video, animation, 360 degree video, 360° video, 3d animation, rat dance, rat dance song, Chess type, Chess type beat, chess type beat, chess type beat rat dance, rat dance piano, rat dancing, rat dancing meme, dancing rat, dancing rat meme, memes",Variations 360,24284999,19172,251,Virtual Reality
Mof5r2LmPXg,When your friends are sus on virtual reality:,"When your friends are sus on virtual reality:

Follow me on socials!
📱 Follow on TikTok! ► http://tiktok.com/@jackdoesskits
📷 Follow on Instagram! ► https://www.instagram.com/jackdoesskits
🐦 Follow on Twitter ► http://twitter.com/jackdoesskits
📖 Join Our Discord! ► https://discord.gg/67qvcjA6Jn

Business inquiries: jackdoesskits@gmail.com

#funny #shortsvideo #jackdoesskits #shorts #comedy #joke",,jackdoesskits,55440646,1325103,18968,Virtual Reality
z48iMPEeqWc,VR never felt so real! 😰😭,,,Justin Flom,45043937,1650267,9316,Virtual Reality
ZZyBG6UsvoQ,FALLING FROM BUILDING in 360° | VR / 4K 😧,"Video includes fast falling, watch with caution.

Join Our Discord: https://discord.gg/dRYyFBn7Yr
Try More Experience: https://www.youtube.com/@NitroVR360/videos

360° video made by NitroVR. 

You can use a virtual reality headset to look around, or alternatively, use your phone or mouse. 

If you enjoyed the video, please consider subscribing to our channel to support us in creating more content.

If you are the author of any assets in the video and I have not credited you, please send an email","vr, 360 video, video 360 vr, 360, vr 360, 360 vr, 360 4k, vr 4k, 4k, 360°, vr video, youtube, 360° video, vr360, pov, 360 vr video, virtual reality, virtual reality videos, 360 horror, funny, slide, 3d vr, 360 degree video, 360 videos, vr videos, videos 360, 3d videos, 360 3d, falling from building, falling from sky, falling from sky 360, diving, prank 360, parkour 360, viral videos, being tied, crash 360, plane crash",NitroVR360,20223010,61113,633,Virtual Reality
1yvLOMpUc7g,The Most Intense Among Us VR Rap Battle Ever,,,Griffmass,39855075,1126148,60974,Virtual Reality
lZdh17-JiRI,Incredibox Sprunki Cross a Glass Bridge | 360° VR,"Incredibox Sprunki Cross a Glass Bridge | 360° VR   

Squid Game2

ᯅ Videos can be viewed using a virtual reality headset for full immersion or simply switch to your phone or mouse for convenience.

🤖 If you enjoyed our video, don't forget to subscribe to the channel  to stay updated on new releases! Your support is important to us and motivates us to create even more engaging and interesting content. Thank you for being with us!

#VR #360VR #360Video #VRvideo  #loop360 #VRVideo  #sprunki #incre","Incredibox Sprunki cross a Glass Bridge | 360° VR, loop360, 360 vr, vr, oculus, 360 video, vr video, video 360 vr, 360, vr 360, 360 4k, vr 4k, 4k, 360°, 360 animation, cryptid vr 360, incredibox, sprunki, incredibox sprunki, sprunki 360, sprunki 360 vr, sprunki 360 vr video, incredibox mod, meme, movie, 3d vr video, squid game, glass bridge, squid game2, Incredibox Sprunki 360° in Squid Game 2",Loop360,19252306,16460,163,Virtual Reality
nOg4SreZ2Uo,VR 360° Sprunki Movie Compilation!,"I put together some Sprunki animations here on the channel in a video, not all of them, but some, enjoy!

Time stamps:
00:00 https://www.youtube.com/watch?v=dLhMiik3I_M&t=21s
01:15 https://www.youtube.com/watch?v=MmC7ikABOU0
02:23 https://www.youtube.com/watch?v=HzI2HOj0MG0&t=7s
03:34 https://www.youtube.com/watch?v=xBHMdDkVblw
04:53 https://www.youtube.com/watch?v=jkIItQuV_jk
06:21 Incredibox Sprunki Raining! 
07:10 https://www.youtube.com/watch?v=vzxh16feMpI&t=189s

All Incredibox Sprunki anim","360°, vr 360, 360 video, virtual reality, 360 video vr, vr 360 video, 3d video, 360 cinema, sprunki, sprunki 360, sprunki 360 vr, sprunki 360 vr video",GlitchVR,18246670,91581,1014,Virtual Reality
EhgKb2YZFB8,Spider-Man VR GETS A HOT DATE #vr #virtualreality #spiderman #gaming,"Join this channel to get access to perks:
https://www.youtube.com/channel/UCacsGRFWE5FO1aCzuvlkkaw/join",,Benbu,70066802,1066490,976,Virtual Reality
FHSlzgKugKI,Caving in VR is Crazy!,This game drops you deep underground on Meta Quest 3 Quest 3S or Quest 2 where you’re crawling through tight spaces scaling rock walls smashing stalagmites and literally holding your breath to squeeze through gaps. It’s full on physical spelunking with tools like picks flashlights and chalk plus different modes like Story Tourist and even a horror cave loaded with giant spiders. It’s one of the most intense and hands on VR experiences right now especially if you’re into realism atmosphere and a ,"meta quest 3, quest 3s, meta quest games, quest 2, vr, vr gaming, vr games, vr gameplay, vr content, vr review, vr shorts, virtual reality, pcvr, standalone vr, oculus, vr modding, vr tech, vr gear, vr update, vr highlights, gaming, gaming content, short form gaming, vr creator, vr setup, justinweib, justinwieb, justinwiebvr, justinwiebelhaus, justinwiebelhause, justinwibelhaus, justinweb, justinweibe, justinwiebe",JustinWieb VR,13793655,586486,7539,PCVR
3yYRweBbTQY,NO ONE has better VR Fingers! #vrgames #quest3 #beyondsandbox,,,Beyond Sandbox,8895476,474905,4951,PCVR
j0QO1IbxuvE,Bonelab with mods is crazy 😱 #vr #bonelab #bonelabmods #pcvr #quest3 #quest2,,,BeeMunny,6667811,260150,4239,PCVR
NOleCw2bywc,Free Bird + Hard Bullet #hardbullet #steamvr #gameedit #pcvr #metaquest3,,,HarryPair,7133897,320682,10445,PCVR
6bHbpbvIXbs,What a great song to go along with the video #hardbullet #johnwick #deadpool #pcvr #quest3 #vrgaming,,,HarryPair,5947589,186518,8339,PCVR
YwO0IQvI2V8,VR is getting insane. – Pimax Crystal Light,"Check prices on Amazon below
Meta Quest III: https://geni.us/HTLgqbv

Pimax and BigScreen (not affiliate links)
https://pimax.com/products/pimax-crystal-light
Bigscreen Beyond: https://store.bigscreenvr.com/en-au/products/bigscreen-beyond

This VR headset made my racing sim feel like real life.

Need a new wallpaper? https://optimum.store

Video gear
Camera: https://geni.us/5YfMuy
Primary Lens: https://geni.us/pWnoPBr

https://www.instagram.com/only_optimum/
https://www.twitch.tv/optimum
https:/","VR, virtual reality, best VR headset, Pimax, optimum, optimum tech, vr sim racing, pimax, Pimax Crystal light, meta quest 3, big screen beyond",optimum,2783172,40721,2159,PCVR
oZWGcTFsW78,Do you think I am? #vr #oculusquest2 #gorillatag #gtag #oculusquest #oculus #gorillatagfun,,,FIZZO,2446595,41467,5662,PCVR
EZQa9JyIOD8,Best Gaming PC Build for VR Gaming,,,META PCs,2126472,132653,1820,PCVR
07Zg0NJY81I,#vr #quest3 #metaquest3 #pcvr #steamvr #vrgames #vrgaming #meme #funnyvideo,,,BeeMunny,1552114,72446,1724,PCVR
nbdY-LtwSjY,Game is Bonelab btw #vr #quest3 #pcvr #bonelab #bonelabmods #vrgames #vrgaming #vrgame,,,BeeMunny,1433199,59276,1096,PCVR
C9Z1aCWMEsY,The Hardest Survival Game I've Ever Played - Green Hell VR,"Thank you for watching

Join my Discord: https://discord.gg/D55G2WbVGt

Music - Epidemicsound 

This is a description of the video that I can fill with keywords to boost my SEO. In this video I am playing Green Hell VR, a VR game that is available on the oculus quest 2, meta quest pro, meta quest 3, pcvr headsets, and soon PSVR. Green Hell VR is similar to other survivals games such as The Forest, Sons of the Forest, Project Zomboid, DayZ, 7 Days to Die, Raft,
Bootstrap Island","green hell vr, green hell, survival, Blight: Survival, vr, Virtual reality, Behemoth, vr game, new vr game, mrnix, mr.nix, new games 2024, new survival games 2024, vr horror, vr survival, the forest, Ghosts Of Tabor, Ghost Of Tabor Wipe, Ghosts Of Tabor wipe, green hell vr mr nix, survival games 2024, survival games pc, survival game, green hell vr gameplay, green hell vr multiplayer, ghost of tabqr, best survival games for android, playing horror games on vr",MrNix,1304761,20997,588,PCVR
YxZ8llBTIgg,Hard Bullet VR is such a wild game 🤣 #vr #gaming #vrgames #vrgame #quest3 #pcvr #deadpool #quest2,,,BeeMunny,1125396,41502,833,PCVR
A0H7ODxmtTM,Bye Bye Bye Hard Bullet #hardbullet #steamvr #pcvr #gameedit #gamingskills #deadpool,,,HarryPair,1270322,47924,1372,PCVR
a-YK28L3tIM,3 awesome free vr games #vr #quest3 #quest3vr #virtualgaming #quest2 #oculusgames #metaquestvr,,,BL4DEVR,909644,20430,422,PCVR
m96ZJM26gxA,Grace Kelly and some Hard Bullet #hardbullet #steamvr #pcvr #gameedit #vr,,,HarryPair,734422,34391,1039,PCVR
